CRWD,5,tucker03,87.03,12/30/20
SE,5,tucker03,87.03,12/30/20
MGNI,5,tucker03,87.03,12/30/20
PLTR,4,tucker03,87.03,12/30/20
NET,5,tucker03,87.03,12/30/20
GOCO,0,catastrophik,96.08,12/29/20
KNSL,4,hely74,90.71,12/30/20
CURI,0,tmflouis,99.97,12/30/20
UPLD,4,johnnyrocku,99.91,12/30/20
CURI,0,tonyk,88.45,12/29/20
GDRX,4,ldigout,99.73,12/30/20
IIVI,4,nosportsmanship,99.92,12/30/20
DT,5,nosportsmanship,99.92,12/29/20
TVIX,1,lukecrumb,99.39,12/30/20
TDOC,5,cmfchadf926,96.80,12/30/20
HEI,5,kkconway,99.26,12/30/20
MGNI,5,cashrulez,92.47,12/30/20
FVRR,5,cashrulez,92.47,12/30/20
MKC,5,cashrulez,92.47,12/30/20
HEI,5,cashrulez,92.47,12/30/20
CRI,4,cashrulez,92.47,12/30/20
U,5,alexander1493,95.98,12/30/20
BIGC,4,alexander1493,95.97,12/30/20
PSTG,3,usubanas2,99.48,12/30/20
SEED,1,thetork,67.59,12/30/20
BIDU,4,thetork,67.59,12/30/20
HIMX,3,thetork,67.59,12/30/20
DMTK,0,thetork,67.59,12/30/20
NETE,1,thetork,67.59,12/30/20
BNGO,0,thetork,67.59,12/30/20
IPDN,0,thetork,67.59,12/30/20
BILI,5,thetork,67.56,12/30/20
IMMR,4,naylorj,80.02,12/29/20
AI,2,tmfsunlion,79.98,12/30/20
FMAO,0,stereotyp72,80.90,12/30/20
BCLI,1,stereotyp72,80.89,12/30/20
RXT,0,stereotyp72,80.89,12/30/20
AWH,1,stereotyp72,80.89,12/30/20
NYT,2,stereotyp72,80.89,12/30/20
WRLD,1,stereotyp72,80.89,12/30/20
CHRS,3,stereotyp72,80.89,12/30/20
KIDS,0,stereotyp72,80.89,12/30/20
IVR,5,stereotyp72,80.89,12/30/20
MCS,0,stereotyp72,80.89,12/30/20
GDRX,4,stereotyp72,80.89,12/30/20
HJLI,0,stereotyp72,80.89,12/30/20
BLNK,1,stereotyp72,80.89,12/30/20
TR,0,stereotyp72,80.89,12/30/20
FUBO,4,stereotyp72,80.89,12/30/20
AAON,4,stereotyp72,79.13,12/30/20
CVGW,3,stereotyp72,79.13,12/30/20
CDZI,1,stereotyp72,79.13,12/30/20
OMEX,1,stereotyp72,79.13,12/30/20
SSTI,4,stereotyp72,79.13,12/30/20
IVC,0,stereotyp72,79.13,12/30/20
URGN,0,stereotyp72,79.13,12/30/20
YMAB,0,stereotyp72,79.13,12/30/20
VRCA,0,stereotyp72,79.13,12/30/20
EZPW,0,stereotyp72,79.13,12/30/20
ANIK,0,stereotyp72,79.13,12/30/20
IRT,3,stereotyp72,79.13,12/30/20
XBIT,1,stereotyp72,79.13,12/30/20
STAR,0,stereotyp72,79.13,12/30/20
CRY,0,stereotyp72,79.13,12/30/20
BCEL,0,stereotyp72,79.13,12/30/20
GAIA,0,stereotyp72,79.13,12/30/20
GTT,5,stereotyp72,79.13,12/30/20
PETQ,5,stereotyp72,79.13,12/30/20
EVI,1,stereotyp72,79.13,12/30/20
TDC,1,stereotyp72,79.13,12/30/20
PRLB,4,stereotyp72,79.13,12/30/20
RES,3,stereotyp72,79.13,12/30/20
TVTY,4,stereotyp72,79.13,12/30/20
IRM,3,stereotyp72,79.13,12/30/20
ATHX,1,stereotyp72,79.13,12/30/20
CFX,2,stereotyp72,79.13,12/30/20
GERN,2,stereotyp72,79.13,12/30/20
MGPI,3,stereotyp72,79.13,12/30/20
LMND,5,zoceanz,97.45,12/30/20
CRLBF,3,sandvig,97.89,12/30/20
NBR,2,bdiederich08,98.10,12/30/20
DMTK,0,desertdavid,98.23,12/29/20
BA,3,ebigmac,69.22,12/30/20
ZM,4,ebigmac,69.22,12/30/20
DMTK,0,ebigmac,69.22,12/30/20
ACHV,1,guillu,64.14,12/30/20
AZRE,0,mrbill6,65.55,12/30/20
MSTR,5,mrbill6,65.55,12/30/20
ATOM,1,mrbill6,65.55,12/30/20
DMTK,0,mrbill6,65.55,12/30/20
NVTA,4,motleyinohio,89.89,12/30/20
FUBO,4,mrbill6,64.84,12/30/20
BEEM,1,mrbill6,64.80,12/30/20
TCEHY,5,mrbill6,64.80,12/29/20
PETQ,0,wolfhounds,97.23,12/30/20
AYX,5,ruhaan,94.25,12/30/20
KNSL,4,shaka610,97.14,12/30/20
THO,4,shaka610,97.14,12/30/20
YETI,3,shaka610,97.14,12/30/20
GNRC,4,shaka610,97.14,12/30/20
IIVI,4,shaka610,97.14,12/30/20
IPOE,0,pageboy2020,95.62,12/30/20
IIPR,4,cellblock9,91.10,12/30/20
NKE,4,cellblock9,91.10,12/30/20
NVR,4,cellblock9,91.10,12/30/20
CGNX,5,cellblock9,91.10,12/30/20
IRBT,4,cellblock9,91.10,12/30/20
GRWG,4,cellblock9,90.59,12/30/20
RKT,4,cellblock9,90.59,12/30/20
LLNW,4,italianbarber,95.25,12/30/20
CURI,0,italianbarber,95.25,12/30/20
U,5,ewaak,95.55,12/30/20
BIGC,4,ewaak,95.30,12/30/20
BILI,5,shakenbake38,95.26,12/30/20
ADBE,4,tycoon24,95.28,12/30/20
PLTR,4,tycoon24,95.23,12/30/20
NIO,2,charlie15,91.49,12/30/20
AMGN,4,led509,91.54,12/29/20
ZM,4,truewinner,94.86,12/29/20
MRK,4,kidkerner,60.64,12/30/20
WMT,3,kidkerner,60.64,12/30/20
ATVI,5,kidkerner,60.64,12/30/20
DPZ,4,kidkerner,60.64,12/30/20
DIS,5,mspmd,54.86,12/30/20
LMND,5,oldlumike,57.19,12/30/20
ONTO,0,tmfst1oak,93.13,12/30/20
EDIT,5,eruiz285,50.88,12/30/20
STNE,5,tph9091,67.34,12/29/20
AMCR,0,tph9091,67.34,12/29/20
RCL,2,tph9091,67.39,12/29/20
BABA,4,tph9091,67.39,12/29/20
STM,5,eruiz285,50.36,12/30/20
ZYXI,4,eruiz285,50.36,12/30/20
BEEM,1,eruiz285,50.36,12/30/20
VYGR,2,emperador78,64.28,12/30/20
SGEN,4,emperador78,64.28,12/30/20
SFBS,0,emperador78,64.28,12/30/20
REGI,3,emperador78,64.28,12/30/20
QFIN,1,emperador78,64.28,12/30/20
MORN,5,emperador78,64.28,12/30/20
LOPE,4,emperador78,64.28,12/30/20
INVA,5,emperador78,64.28,12/30/20
CRESY,0,emperador78,64.28,12/30/20
BMRN,3,emperador78,64.28,12/30/20
BDSI,3,emperador78,64.28,12/30/20
BCRX,2,emperador78,64.28,12/30/20
BIDU,4,kmhjv3rt,55.13,12/30/20
JMIA,3,kmhjv3rt,55.13,12/30/20
VTRS,0,ellinroc,53.29,12/30/20
JAX,0,ellinroc,53.30,12/30/20
OXY,2,stocksforlimits,53.52,12/30/20
RIOT,1,salamander1,90.39,12/30/20
BNGO,0,bigg2020,90.45,12/30/20
IMMR,4,bigg2020,90.45,12/30/20
FLIR,4,bigg2020,90.45,12/30/20
REGN,4,bigg2020,90.45,12/30/20
NVTA,4,bigg2020,90.45,12/30/20
IONS,5,bigg2020,90.45,12/30/20
PACB,3,bigg2020,90.45,12/30/20
RHHBY,5,bigg2020,90.45,12/30/20
VRTX,4,bigg2020,90.45,12/30/20
SURF,3,bigg2020,90.45,12/30/20
EXAS,4,bigg2020,90.45,12/30/20
TWST,4,bigg2020,90.45,12/30/20
CRSP,4,bigg2020,90.45,12/30/20
EDIT,5,bigg2020,90.45,12/30/20
SQ,5,mobiusstrip,87.00,12/30/20
ACN,5,mbdouglas,48.44,12/30/20
SDGR,5,wheelzofsteel,84.81,12/29/20
GBTC,4,suziem,87.49,12/29/20
NET,5,suziem,87.49,12/29/20
PBI,2,wheelzofsteel,83.96,12/29/20
IRM,3,wheelzofsteel,83.96,12/29/20
CLNE,3,cabbott86,86.97,12/30/20
NEE,4,cabbott86,86.97,12/30/20
CNI,5,cabbott86,86.97,12/30/20
FCEL,2,enigmadude,86.66,12/30/20
DUK,5,copetom,44.44,12/30/20
NK,1,copetom,44.44,12/30/20
FROG,4,copetom,44.37,12/30/20
LMND,5,jfree357,82.12,12/30/20
ABT,4,jfree357,82.12,12/30/20
ZTS,5,jfree357,82.12,12/30/20
U,5,jfree357,82.12,12/30/20
DMTK,0,murrellkem,83.58,12/29/20
CBAT,1,radlsee,44.49,12/30/20
SMLR,4,murrellkem,83.63,12/29/20
TDOC,5,pamstrums,82.71,12/29/20
FVRR,5,mm4autigers,63.89,12/29/20
BAC,3,ferarree,82.76,12/30/20
BMY,4,ferarree,82.76,12/30/20
TDOC,5,ferarree,82.76,12/30/20
ISRG,5,ferarree,82.76,12/30/20
AMT,5,ferarree,82.76,12/30/20
AAXN,5,ferarree,82.76,12/30/20
APPN,5,ferarree,82.76,12/30/20
OKTA,5,ferarree,82.76,12/30/20
BNGO,0,almostperfect1,72.98,12/30/20
ABB,4,apinvest,79.16,12/30/20
NEWR,4,sumbawa,81.27,12/30/20
MDB,5,thinkelk,42.66,12/29/20
ZM,4,thinkelk,42.66,12/29/20
DOCU,5,thinkelk,42.66,12/29/20
BEPC,5,thinkelk,42.66,12/29/20
SE,5,thinkelk,42.66,12/29/20
FVRR,5,thinkelk,42.66,12/29/20
LMND,5,thinkelk,42.66,12/29/20
BAND,4,jayblanck,80.28,12/30/20
LUMN,2,dss180,79.01,12/30/20
SMLR,4,tykerk,77.95,12/30/20
AVGO,5,agladst,68.40,12/30/20
LMND,5,d89,65.04,12/30/20
ATOM,1,mikemariani,38.62,12/30/20
MMYT,2,eddehhh,77.64,12/29/20
INMD,5,eddehhh,77.72,12/29/20
LMND,5,meir,77.29,12/30/20
FVRR,5,meir,77.29,12/30/20
TWST,4,yossi86,59.41,12/30/20
DDOG,5,discokinged,77.78,12/30/20
PACB,3,yossi86,57.89,12/30/20
CIO,0,smhikida,47.77,12/29/20
KRG,0,smhikida,45.98,12/29/20
BPY,3,smhikida,45.98,12/29/20
IRM,3,smhikida,45.98,12/29/20
EAF,5,cptevergrande,72.44,12/30/20
SPPI,2,1day,70.26,12/30/20
KIN,0,1day,70.26,12/30/20
CVX,2,tmfwillhealy,45.65,12/30/20
BA,3,tmfwillhealy,45.65,12/30/20
TWST,4,lcid4evr,66.77,12/30/20
PINS,5,lcid4evr,66.77,12/30/20
NET,5,lcid4evr,66.77,12/30/20
TXG,5,lcid4evr,66.77,12/30/20
MGNI,5,lcid4evr,67.49,12/30/20
SE,5,cdawgs22,69.74,12/30/20ratings/foolcaps_0,cdawgs22,69.74,12/30/20
NVAX,2,cdawgs22,69.74,12/30/20
ZUO,4,1day,69.54,12/30/20
RNET,0,1day,69.54,12/30/20
CPRX,3,1day,69.54,12/30/20
NK,1,1day,69.54,12/30/20
PIRS,5,1day,69.54,12/30/20
SMAR,4,1day,69.43,12/30/20
U,5,1day,69.43,12/30/20
ACM,4,tmfsaintgermain,59.08,12/30/20
WFC,3,db007,67.86,12/30/20
LYV,3,db007,67.86,12/30/20
CRWD,5,tmfpalomino2,65.70,12/30/20
IMMR,4,jsnms,27.25,12/30/20
FROG,4,lgonzalez1199,65.72,12/30/20
PKI,5,tmfjimhalley,53.80,12/29/20
PTON,3,shawngillon,51.90,12/29/20
SWAV,5,gtchua,56.41,12/30/20
SILK,0,gtchua,56.41,12/30/20
EH,0,purewater71,65.20,12/30/20
EVI,1,gtchua,56.48,12/30/20
BMRN,3,gtchua,56.48,12/30/20
TSM,4,positronicbrain,39.42,12/30/20
FLGT,5,asdracles,61.04,12/30/20
COST,4,desramsay,52.70,12/30/20
ZM,4,desramsay,50.59,12/30/20
VEEV,5,pitch12,52.62,12/30/20
TDOC,5,pitch12,52.62,12/30/20
APPS,3,pitch12,52.62,12/30/20
BLFS,2,pitch12,52.62,12/30/20
FSLY,5,pitch12,43.19,12/30/20
SE,5,pitch12,43.19,12/30/20
NET,5,pitch12,43.19,12/30/20
OZON,4,pitch12,43.19,12/30/20
PLTR,4,pitch12,43.19,12/30/20
FUBO,4,goodbar3808,59.38,12/29/20
FVRR,5,kewpiepoo,46.23,12/29/20
HD,4,kewpiepoo,43.71,12/29/20
ADSK,5,kewpiepoo,43.71,12/29/20
NVAX,2,kewpiepoo,43.71,12/29/20
FDX,3,kewpiepoo,43.71,12/29/20
AVGO,5,kewpiepoo,43.71,12/29/20
ZM,4,mfanroy2828,50.51,12/29/20
CRWD,5,mfanroy2828,50.51,12/29/20
SOL,3,dc35247,34.65,12/30/20
NVDA,4,devans32111,0.0,12/30/20
GOOG,4,devans32111,0.0,12/30/20
FB,4,devans32111,0.0,12/30/20
ZBRA,5,devans32111,0.0,12/30/20
AVGO,5,devans32111,0.0,12/30/20
TTD,5,devans32111,0.0,12/30/20
FVRR,5,devans32111,0.0,12/30/20
FLGT,5,devans32111,0.0,12/30/20
TSM,4,sloanies10,0.0,12/30/20
TREX,5,mmatalon,0.0,12/30/20
BB,3,gregburnett,0.0,12/30/20
T,2,gregburnett,0.0,12/30/20
IBM,2,gregburnett,0.0,12/30/20
CWBHF,4,gregburnett,0.0,12/30/20
ASML,5,bradgtodd,0.0,12/30/20
FVRR,5,anomie8,0.0,12/30/20
FVRR,5,alwaysafounder11,0.0,12/30/20
PINS,5,shea1963,0.0,12/30/20
JCOM,3,ezrider37677,0.0,12/30/20
CRWD,5,ezrider37677,0.0,12/30/20
MGNI,5,vbreezy,0.0,12/30/20
SQ,5,bvessels,0.0,12/30/20
EVBG,4,bvessels,0.0,12/30/20
SHOP,4,romu,0.0,12/30/20
PINS,5,romu,0.0,12/30/20
YETI,3,romu,0.0,12/30/20
ZM,4,romu,0.0,12/30/20
PYPL,5,romu,0.0,12/30/20
DOCU,5,romu,0.0,12/30/20
NEM,5,romu,0.0,12/30/20
DVA,3,romu,0.0,12/30/20
NEE,4,romu,0.0,12/30/20
VXRT,1,romu,0.0,12/30/20
COUP,4,romu,0.0,12/30/20
GOLD,4,romu,0.0,12/30/20
NOW,4,romu,0.0,12/30/20
LOB,4,romu,0.0,12/30/20
JNJ,4,romu,0.0,12/30/20
APPN,5,romu,0.0,12/30/20
SE,5,romu,0.0,12/30/20
SQ,5,romu,0.0,12/30/20
CRWD,5,romu,0.0,12/30/20
ABEV,2,agnes3312,0.0,12/30/20
QRVO,4,romu,0.0,12/30/20
IQ,4,deerhunter31,0.0,12/30/20
HUYA,4,deerhunter31,0.0,12/30/20
BZUN,4,deerhunter31,0.0,12/30/20
PLTR,4,deerhunter31,0.0,12/30/20
NTNX,4,deerhunter31,0.0,12/30/20
TDOC,5,romu,0.0,12/30/20
U,5,romu,0.0,12/30/20
PDCE,0,rowtheboat,0.0,12/30/20
CRNC,5,romu,0.0,12/30/20
FVRR,5,romu,0.0,12/30/20
SEDG,4,romu,0.0,12/30/20
TSLA,2,romu,0.0,12/30/20
ZG,4,tmf2decadeview,0.0,12/30/20
LMND,5,romu,0.0,12/30/20
AMGN,4,rowtheboat,0.0,12/30/20
FLGT,5,way,0.0,12/30/20
ZM,4,way,0.0,12/30/20
CRSP,4,way,0.0,12/30/20
FBC,0,rowtheboat,0.0,12/30/20
ZM,4,npreem,0.0,12/30/20
SNPS,5,bradgtodd,0.0,12/30/20
SQ,5,wucorle1,0.0,12/30/20
INO,2,mlane111,0.0,12/30/20
DDD,3,mlane111,0.0,12/30/20
ALK,3,mlane111,0.0,12/30/20
LMND,5,colchaguaunido,0.0,12/30/20
FCEL,2,gengler41,0.0,12/30/20
TTD,5,tdkid871,0.0,12/30/20
FCEL,2,darthspiffy25,0.0,12/30/20
TMO,5,markharris3000,0.0,12/30/20
CRWD,5,deeksstocks,0.0,12/30/20
PLTR,4,markharris3000,0.0,12/30/20
DOCU,5,markharris3000,0.0,12/30/20
ZM,4,number1fool123,0.0,12/30/20
TSLA,2,number1fool123,0.0,12/30/20
FVRR,5,graywood,0.0,12/30/20
AMD,4,rogerdhb,0.0,12/30/20
AMZN,4,rogerdhb,0.0,12/30/20
DIS,5,rogerdhb,0.0,12/30/20
FVRR,5,rogerdhb,0.0,12/30/20
GOOGL,5,rogerdhb,0.0,12/30/20
IBN,0,rogerdhb,0.0,12/30/20
INSG,3,rogerdhb,0.0,12/30/20
LGND,3,rogerdhb,0.0,12/30/20
MSFT,4,rogerdhb,0.0,12/30/20
NFLX,4,rogerdhb,0.0,12/30/20
SBAC,3,rogerdhb,0.0,12/30/20
SBUX,4,rogerdhb,0.0,12/30/20
TSLA,2,rogerdhb,0.0,12/30/20
VSTO,3,rogerdhb,0.0,12/30/20
XOM,2,rogerdhb,0.0,12/30/20
CRM,4,gjarrosson,0.0,12/30/20
F,2,jaysha216,0.0,12/30/20
DM,0,lesp55,0.0,12/30/20
BLNK,1,jaysha216,0.0,12/30/20
FVRR,5,lesp55,0.0,12/30/20
PINS,5,jaysha216,0.0,12/30/20
NIO,2,dc35247,0.0,12/30/20
AMD,4,dc35247,0.0,12/30/20
LOW,4,dc35247,0.0,12/30/20
ABT,4,dc35247,0.0,12/30/20
MMM,4,dc35247,0.0,12/30/20
CNP,0,dc35247,0.0,12/30/20
BEP,4,dc35247,0.0,12/30/20
AES,4,dc35247,0.0,12/30/20
PLTR,4,dc35247,0.0,12/30/20
ENPH,4,dc35247,0.0,12/30/20
LMND,5,dc35247,0.0,12/30/20
SRE,3,dc35247,0.0,12/30/20
FUBO,4,rlongdubai,0.0,12/30/20
AVAV,4,jps1950,0.0,12/30/20
AI,2,lopeman,0.0,12/30/20
SPCE,3,finalfrontier,0.0,12/30/20
ISRG,5,mbokam,0.0,12/30/20
MRNA,3,devilishfoolu6,0.0,12/30/20
BBY,2,devilishfoolu6,0.0,12/30/20
KR,3,devilishfoolu6,0.0,12/30/20
MRNA,3,autiger08,0.0,12/30/20
PLUG,2,autiger08,0.0,12/30/20
BLDP,2,autiger08,0.0,12/30/20
CRWD,5,autiger08,0.0,12/30/20
SPCE,3,autiger08,0.0,12/30/20
NIO,2,autiger08,0.0,12/30/20
SQ,5,autiger08,0.0,12/30/20
LMND,5,davel7777,0.0,12/30/20
BNGO,0,proximopowers,0.0,12/30/20
ADBE,4,ebarrocas,0.0,12/30/20
COST,4,ebarrocas,0.0,12/30/20
DDOG,5,ebarrocas,0.0,12/30/20
FB,4,ebarrocas,0.0,12/30/20
ROKU,4,ebarrocas,0.0,12/30/20
OKTA,5,ebarrocas,0.0,12/30/20
PINS,5,ebarrocas,0.0,12/30/20
SE,5,ebarrocas,0.0,12/30/20
NET,5,ebarrocas,0.0,12/30/20
ZM,4,ebarrocas,0.0,12/30/20
KNSL,4,ebarrocas,0.0,12/30/20
TDOC,5,ebarrocas,0.0,12/30/20
FUBO,4,ebarrocas,0.0,12/30/20
INTU,4,ebarrocas,0.0,12/30/20
AMZN,4,ebarrocas,0.0,12/30/20
MELI,5,ebarrocas,0.0,12/30/20
MA,5,ebarrocas,0.0,12/30/20
UPWK,5,ebarrocas,0.0,12/30/20
SQ,5,ebarrocas,0.0,12/30/20
U,5,ebarrocas,0.0,12/30/20
SBUX,4,ebarrocas,0.0,12/30/20
MTCH,4,ebarrocas,0.0,12/30/20
CHWY,4,ebarrocas,0.0,12/30/20
SHOP,4,ebarrocas,0.0,12/30/20
ADSK,5,ebarrocas,0.0,12/30/20
ZNGA,4,ebarrocas,0.0,12/30/20
CRWD,5,ebarrocas,0.0,12/30/20
ZUO,4,ebarrocas,0.0,12/30/20
AAPL,4,ebarrocas,0.0,12/30/20
FLGT,5,ebarrocas,0.0,12/30/20
IDXX,5,ebarrocas,0.0,12/30/20
TTD,5,ebarrocas,0.0,12/30/20
CTXS,4,ebarrocas,0.0,12/30/20
NFLX,4,ebarrocas,0.0,12/30/20
RDFN,5,ebarrocas,0.0,12/30/20
APPN,5,ebarrocas,0.0,12/30/20
LMND,5,ebarrocas,0.0,12/30/20
PTON,3,ebarrocas,0.0,12/30/20
FVRR,5,ebarrocas,0.0,12/30/20
SOL,3,tcoon11,0.0,12/30/20
SHOP,4,mfm469,0.0,12/30/20
AMZN,4,mfm469,0.0,12/30/20
CLNE,3,foolishtoo,0.0,12/30/20
NVDA,4,vwcc,0.0,12/30/20
ADS,2,dcunha,0.0,12/30/20
INSG,3,dcunha,0.0,12/30/20
MGNI,5,bayissage,0.0,12/30/20
NFLX,4,jmagradey2,0.0,12/30/20
COUP,4,hsmenon,0.0,12/30/20
DMTK,0,sf007,0.0,12/30/20
VIAC,3,tubeturn,0.0,12/30/20
DKNG,4,tubeturn,0.0,12/30/20
VEEV,5,useebi,0.0,12/30/20
YNDX,3,useebi,0.0,12/30/20
PINS,5,jlexus98,0.0,12/30/20
AT,0,medent,0.0,12/30/20
LMND,5,r1zak,0.0,12/30/20
FUBO,4,richzby11,0.0,12/30/20
CRWD,5,j88bay,0.0,12/30/20
ZM,4,j88bay,0.0,12/30/20
ADSK,5,j88bay,0.0,12/30/20
COUP,4,j88bay,0.0,12/30/20
LMND,5,j88bay,0.0,12/30/20
LVS,2,rharayda,0.0,12/30/20
TTD,5,rharayda,0.0,12/30/20
DDOG,5,rharayda,0.0,12/30/20
HUBS,5,rharayda,0.0,12/30/20
CTRN,0,shacharlavi,0.0,12/30/20
DIS,5,drlandau,0.0,12/30/20
WIX,5,drlandau,0.0,12/30/20
BB,3,drlandau,0.0,12/30/20
QCOM,4,bj64,0.0,12/30/20
ZM,4,robby77,0.0,12/30/20
LMND,5,robby77,0.0,12/30/20
NET,5,robby77,0.0,12/30/20
IDEX,1,drlandau,0.0,12/30/20
ZM,4,drlandau,0.0,12/30/20
SAP,2,olie,0.0,12/30/20
CCL,2,riverwide,0.0,12/30/20
BIGC,4,kanthv,0.0,12/30/20
ADSK,5,cmar,0.0,12/30/20
COUP,4,callie1313,0.0,12/30/20
DM,0,beautifooly,0.0,12/30/20
SAP,2,peter08902,0.0,12/30/20
ZM,4,marcinduxbury,0.0,12/30/20
LMND,5,platonstefkov,0.0,12/30/20
FUBO,4,ricdizzle,0.0,12/30/20
ZM,4,acd,0.0,12/30/20
IMMR,4,adamsbos,0.0,12/30/20
ZM,4,masug,0.0,12/30/20
NET,5,klirenc,0.0,12/30/20
ISRG,5,nilesanomi,0.0,12/30/20
AAPL,4,daddycool,0.0,12/30/20
LMND,5,tale1,0.0,12/30/20
AMD,4,electricmotley,0.0,12/30/20
ZM,4,mindaugas1,0.0,12/30/20
ZNGA,4,tcib,0.0,12/30/20
BABA,4,tcib,0.0,12/30/20
LYG,2,tcib,0.0,12/30/20
PFE,4,huerita71,0.0,12/30/20
SPMD,0,huerita71,0.0,12/30/20
HA,3,huerita71,0.0,12/30/20
AAPL,4,huerita71,0.0,12/30/20
T,2,huerita71,0.0,12/30/20
APHA,2,huerita71,0.0,12/30/20
APPN,5,huerita71,0.0,12/30/20
LLNW,4,huerita71,0.0,12/30/20
ZNGA,4,huerita71,0.0,12/30/20
V,5,curious200,0.0,12/30/20
PINS,5,jimrennie,0.0,12/30/20
ADBE,4,curious200,0.0,12/30/20
WD,5,curious200,0.0,12/30/20
ISRG,5,curious200,0.0,12/30/20
VRTX,4,curious200,0.0,12/30/20
WIX,5,curious200,0.0,12/30/20
INTU,4,curious200,0.0,12/30/20
BMY,4,curious200,0.0,12/30/20
ABBV,5,curious200,0.0,12/30/20
DIS,5,curious200,0.0,12/30/20
IIPR,4,curious200,0.0,12/30/20
GOOG,4,curious200,0.0,12/30/20
MSFT,4,curious200,0.0,12/30/20
NKE,4,curious200,0.0,12/30/20
CMG,3,curious200,0.0,12/30/20
SIVB,4,curious200,0.0,12/30/20
PAYC,5,curious200,0.0,12/30/20
FB,4,curious200,0.0,12/30/20
TEAM,5,curious200,0.0,12/30/20
DXCM,5,curious200,0.0,12/30/20
JD,5,curious200,0.0,12/30/20
PYPL,5,curious200,0.0,12/30/20
TDOC,5,curious200,0.0,12/30/20
FLGT,5,curious200,0.0,12/30/20
KNSL,4,curious200,0.0,12/30/20
TTD,5,curious200,0.0,12/30/20
OKTA,5,curious200,0.0,12/30/20
SHOP,4,curious200,0.0,12/30/20
MELI,5,curious200,0.0,12/30/20
CRSP,4,curious200,0.0,12/30/20
NVTA,4,curious200,0.0,12/30/20
PACB,3,curious200,0.0,12/30/20
TWLO,5,curious200,0.0,12/30/20
MGNI,5,curious200,0.0,12/30/20
RNG,4,curious200,0.0,12/30/20
APPN,5,curious200,0.0,12/30/20
FUBO,4,fahad971,0.0,12/30/20
LMND,5,klky87,0.0,12/30/20
T,2,abhilonline,0.0,12/30/20
NIO,2,kashani1978,0.0,12/30/20
AAPL,4,foolsuggestions,0.0,12/30/20
RH,3,abhilonline,0.0,12/30/20
SONO,5,abhilonline,0.0,12/30/20
HD,4,abhilonline,0.0,12/30/20
LOW,4,abhilonline,0.0,12/30/20
AMZN,4,abhilonline,0.0,12/30/20
TWTR,3,abhilonline,0.0,12/30/20
AAPL,4,abhilonline,0.0,12/30/20
DIS,5,abhilonline,0.0,12/30/20
SHOP,4,abhilonline,0.0,12/30/20
FB,4,abhilonline,0.0,12/30/20
CCS,0,abhilonline,0.0,12/30/20
WMT,3,abhilonline,0.0,12/30/20
SQ,5,abhilonline,0.0,12/30/20
ACI,5,tediousrhombus,0.0,12/30/20
FEYE,3,charlie15,0.0,12/30/20
LMND,5,tediousrhombus,0.0,12/30/20
NGG,5,tediousrhombus,0.0,12/30/20
ETSY,4,edwinwong,0.0,12/30/20
MELI,5,edwinwong,0.0,12/30/20
NKE,4,edwinwong,0.0,12/30/20
MNST,4,edwinwong,0.0,12/30/20
GM,2,edwinwong,0.0,12/30/20
AAXN,5,edwinwong,0.0,12/30/20
BA,3,edwinwong,0.0,12/30/20
LMT,3,edwinwong,0.0,12/30/20
NOC,4,edwinwong,0.0,12/30/20
MTZ,5,edwinwong,0.0,12/30/20
LEN,3,edwinwong,0.0,12/30/20
TREX,5,edwinwong,0.0,12/30/20
CSGP,4,edwinwong,0.0,12/30/20
AMT,5,edwinwong,0.0,12/30/20
NEE,4,edwinwong,0.0,12/30/20
REGI,3,edwinwong,0.0,12/30/20
VWDRY,4,edwinwong,0.0,12/30/20
CSIQ,2,edwinwong,0.0,12/30/20
ENPH,4,edwinwong,0.0,12/30/20
FSLR,4,edwinwong,0.0,12/30/20
SEDG,4,edwinwong,0.0,12/30/20
BTG,2,edwinwong,0.0,12/30/20
GOLD,4,edwinwong,0.0,12/30/20
KGC,3,edwinwong,0.0,12/30/20
NEM,5,edwinwong,0.0,12/30/20
IMPUY,0,edwinwong,0.0,12/30/20
LAC,2,edwinwong,0.0,12/30/20
BAC,3,edwinwong,0.0,12/30/20
GS,3,edwinwong,0.0,12/30/20
MS,3,edwinwong,0.0,12/30/20ratings/foolcaps_4,edwinwong,0.0,12/30/20
EHTH,2,edwinwong,0.0,12/30/20
COOP,2,edwinwong,0.0,12/30/20
ECPG,2,edwinwong,0.0,12/30/20
PFSI,3,edwinwong,0.0,12/30/20
PYPL,5,edwinwong,0.0,12/30/20
MA,5,edwinwong,0.0,12/30/20
V,5,edwinwong,0.0,12/30/20
REGN,4,edwinwong,0.0,12/30/20
REX,0,edwinwong,0.0,12/30/20
ABT,4,edwinwong,0.0,12/30/20
BIO,4,edwinwong,0.0,12/30/20
NVCR,5,edwinwong,0.0,12/30/20
DHR,4,edwinwong,0.0,12/30/20
DXCM,5,edwinwong,0.0,12/30/20
FLGT,5,edwinwong,0.0,12/30/20
QDEL,5,edwinwong,0.0,12/30/20
TMO,5,edwinwong,0.0,12/30/20
ABBV,5,edwinwong,0.0,12/30/20
BMY,4,edwinwong,0.0,12/30/20
EBS,5,edwinwong,0.0,12/30/20
HZNP,3,edwinwong,0.0,12/30/20
ANTM,4,edwinwong,0.0,12/30/20
CNC,3,edwinwong,0.0,12/30/20
UNH,4,edwinwong,0.0,12/30/20
TDOC,5,edwinwong,0.0,12/30/20
VEEV,5,edwinwong,0.0,12/30/20
ERIC,4,edwinwong,0.0,12/30/20
NOK,3,edwinwong,0.0,12/30/20
TMUS,4,edwinwong,0.0,12/30/20
EA,4,edwinwong,0.0,12/30/20
NTDOY,4,edwinwong,0.0,12/30/20
ZNGA,4,edwinwong,0.0,12/30/20
DIS,5,edwinwong,0.0,12/30/20
GTN,2,edwinwong,0.0,12/30/20
VIAC,3,edwinwong,0.0,12/30/20
TWLO,5,edwinwong,0.0,12/30/20
ANET,5,edwinwong,0.0,12/30/20
SNE,4,edwinwong,0.0,12/30/20
ADSK,5,edwinwong,0.0,12/30/20
APPS,3,edwinwong,0.0,12/30/20
CDNS,5,edwinwong,0.0,12/30/20
COUP,4,edwinwong,0.0,12/30/20
CRM,4,edwinwong,0.0,12/30/20
HUBS,5,edwinwong,0.0,12/30/20
NOW,4,edwinwong,0.0,12/30/20
SHOP,4,edwinwong,0.0,12/30/20
TTD,5,edwinwong,0.0,12/30/20
WDAY,4,edwinwong,0.0,12/30/20
ZEN,5,edwinwong,0.0,12/30/20
ADBE,4,edwinwong,0.0,12/30/20
BL,5,edwinwong,0.0,12/30/20
OKTA,5,edwinwong,0.0,12/30/20
SNPS,5,edwinwong,0.0,12/30/20
SQ,5,edwinwong,0.0,12/30/20
AMAT,4,edwinwong,0.0,12/30/20
ASML,5,edwinwong,0.0,12/30/20
KLAC,5,edwinwong,0.0,12/30/20
LRCX,4,edwinwong,0.0,12/30/20
AMD,4,edwinwong,0.0,12/30/20
INTC,3,edwinwong,0.0,12/30/20
MU,4,edwinwong,0.0,12/30/20
QCOM,4,edwinwong,0.0,12/30/20
TSM,4,edwinwong,0.0,12/30/20
UMC,4,edwinwong,0.0,12/30/20
IPHI,5,edwinwong,0.0,12/30/20
BABA,4,edwinwong,0.0,12/30/20
JD,5,edwinwong,0.0,12/30/20
TCEHY,5,edwinwong,0.0,12/30/20
VIPS,4,edwinwong,0.0,12/30/20
NFLX,4,edwinwong,0.0,12/30/20
TSLA,2,edwinwong,0.0,12/30/20
GOOGL,5,edwinwong,0.0,12/30/20
MSFT,4,edwinwong,0.0,12/30/20
AAPL,4,edwinwong,0.0,12/29/20
AMZN,4,edwinwong,0.0,12/29/20
FB,4,edwinwong,0.0,12/29/20
PINS,5,electricalfool,0.0,12/29/20
ZNGA,4,tomrobertson55,0.0,12/29/20
ZM,4,tomrobertson55,0.0,12/29/20
MU,4,cruz777,0.0,12/29/20
OKTA,5,crmdude,0.0,12/29/20
SEIC,5,fdube,0.0,12/29/20
BIG,3,fdube,0.0,12/29/20
DHI,4,fdube,0.0,12/29/20
MTH,2,fdube,0.0,12/29/20
PAYX,4,edrpar,0.0,12/29/20
KMX,3,fdube,0.0,12/29/20
ABBV,5,fdube,0.0,12/29/20
RAD,1,thehawkinvestor,0.0,12/29/20
LMND,5,littleshnuk,0.0,12/29/20
AMZN,4,littleshnuk,0.0,12/29/20
SHOP,4,littleshnuk,0.0,12/29/20
FUBO,4,littleshnuk,0.0,12/29/20
TTNP,0,ggirl56,0.0,12/29/20
FLGT,5,littleshnuk,0.0,12/29/20
MELI,5,littleshnuk,0.0,12/29/20
NET,5,littleshnuk,0.0,12/29/20
TTD,5,littleshnuk,0.0,12/29/20
FUBO,4,buddhawealth,0.0,12/29/20
FLGT,5,lutisha,0.0,12/29/20
MSFT,4,cama,0.0,12/29/20
ENPH,4,markw307,0.0,12/29/20
AI,2,cmphan,0.0,12/29/20
FUBO,4,cmphan,0.0,12/29/20
ZM,4,vlazville,0.0,12/29/20
LMND,5,calcat3,0.0,12/29/20
TSLA,2,calcat3,0.0,12/29/20
ZM,4,calcat3,0.0,12/29/20
COUP,4,darrenren90,0.0,12/29/20
NTNX,4,moecloud,0.0,12/29/20
LMND,5,arindam4444,0.0,12/29/20
NVAX,2,imct,0.0,12/29/20
GEVO,1,1chedda,0.0,12/29/20
NIO,2,thomas310,0.0,12/29/20
IIPR,4,pflufool,0.0,12/29/20
DKNG,4,pflufool,0.0,12/29/20
MA,5,zymurgydeluxe,0.0,12/29/20
BEPC,5,secman88,0.0,12/29/20
PYPL,5,zymurgydeluxe,0.0,12/29/20
DAL,3,luvy0712,0.0,12/29/20
NIO,2,manofsteel07,0.0,12/29/20
MRK,4,luvy0712,0.0,12/29/20
HA,3,luvy0712,0.0,12/29/20
QRVO,4,jbuttgereit75,0.0,12/29/20
ZEN,5,aminmakhani,0.0,12/29/20
ASML,5,sartaxi,0.0,12/29/20
ZM,4,fimac,0.0,12/29/20
ZM,4,aminmakhani,0.0,12/29/20
WING,2,aminmakhani,0.0,12/29/20
DKNG,4,jbuttgereit75,0.0,12/29/20
MSFT,4,dave777,0.0,12/29/20
AYX,5,res1122,0.0,12/29/20
IRBT,4,res1122,0.0,12/29/20
AXP,4,res1122,0.0,12/29/20
DIS,5,res1122,0.0,12/29/20
CRM,4,res1122,0.0,12/29/20
SFM,4,res1122,0.0,12/29/20
WDAY,4,res1122,0.0,12/29/20
TGT,4,res1122,0.0,12/29/20
AAPL,4,tpinkjr,0.0,12/29/20
DIS,5,tpinkjr,0.0,12/29/20
IIPR,4,tpinkjr,0.0,12/29/20
TMUS,4,res1122,0.0,12/29/20
TSM,4,res1122,0.0,12/29/20
LUV,3,airline,0.0,12/29/20
SWKS,4,res1122,0.0,12/29/20
SEDG,4,res1122,0.0,12/29/20
JD,5,aidanpaul,0.0,12/29/20
QRVO,4,res1122,0.0,12/29/20
QCOM,4,res1122,0.0,12/29/20
PYPL,5,res1122,0.0,12/29/20
NFLX,4,res1122,0.0,12/29/20
MSFT,4,res1122,0.0,12/29/20
ETSY,4,res1122,0.0,12/29/20
LULU,4,res1122,0.0,12/29/20
GOOG,4,res1122,0.0,12/29/20
SHOP,4,mfanroy2828,0.0,12/29/20
CRM,4,mfanroy2828,0.0,12/29/20
ISRG,5,res1122,0.0,12/29/20
FB,4,mfanroy2828,0.0,12/29/20
NVDA,4,mfanroy2828,0.0,12/29/20
NFLX,4,mfanroy2828,0.0,12/29/20
MSFT,4,mfanroy2828,0.0,12/29/20
INTU,4,res1122,0.0,12/29/20
AMZN,4,mfanroy2828,0.0,12/29/20
AAPL,4,mfanroy2828,0.0,12/29/20
CMG,3,res1122,0.0,12/29/20
ADBE,4,res1122,0.0,12/29/20
AMZN,4,res1122,0.0,12/29/20
ADSK,5,res1122,0.0,12/29/20
AAPL,4,res1122,0.0,12/29/20
AVGO,5,res1122,0.0,12/29/20
PAYC,5,res1122,0.0,12/29/20
MGNI,5,letzcoo,0.0,12/29/20
OLED,5,res1122,0.0,12/29/20
NVDA,4,res1122,0.0,12/29/20
OKTA,5,res1122,0.0,12/29/20
MELI,5,res1122,0.0,12/29/20
AMSC,1,res1122,0.0,12/29/20
HUBS,5,res1122,0.0,12/29/20
TWST,4,fooling15,0.0,12/29/20
ANET,5,res1122,0.0,12/29/20
Z,4,res1122,0.0,12/29/20
TSLA,2,res1122,0.0,12/29/20
TER,5,res1122,0.0,12/29/20
TWLO,5,res1122,0.0,12/29/20
MGNI,5,jbuttgereit75,0.0,12/29/20
GRMN,3,res1122,0.0,12/29/20
GAIA,0,res1122,0.0,12/29/20
VIAC,3,res1122,0.0,12/29/20
WKHS,1,res1122,0.0,12/29/20
LMND,5,clemtisk,0.0,12/29/20
SHOP,4,res1122,0.0,12/29/20
TTD,5,res1122,0.0,12/29/20
SQ,5,res1122,0.0,12/29/20
FUBO,4,ksk339,0.0,12/29/20
PLUG,2,res1122,0.0,12/29/20
NOW,4,res1122,0.0,12/29/20
MTCH,4,res1122,0.0,12/29/20
KLAC,5,res1122,0.0,12/29/20
FSLR,4,res1122,0.0,12/29/20
SPWR,2,res1122,0.0,12/29/20
APPS,3,res1122,0.0,12/29/20
ENPH,4,res1122,0.0,12/29/20
SQ,5,gdael,0.0,12/29/20
ENG,0,golferib1,0.0,12/29/20
QCOM,4,chipman462,0.0,12/29/20
NVTA,4,wonderfull,0.0,12/29/20
FSLY,5,wonderfull,0.0,12/29/20
GRWG,4,sammyjkilla,0.0,12/29/20
FUBO,4,sammyjkilla,0.0,12/29/20
TSLA,2,hawkshawsr,0.0,12/29/20
SWN,2,terry258,0.0,12/29/20
FUBO,4,wonderfull,0.0,12/29/20
SHOP,4,wthielkefool,0.0,12/29/20
PTON,3,wthielkefool,0.0,12/29/20
YNDX,3,alikes2play,0.0,12/29/20
DKNG,4,c67vet,0.0,12/29/20
CELH,4,reu,0.0,12/29/20
CPST,1,cantwait,0.0,12/29/20
MSFT,4,rlohn,0.0,12/29/20
CRWD,5,dfincher,0.0,12/29/20
CRWD,5,1spurssss,0.0,12/29/20
SMAR,4,vitor,0.0,12/29/20
TTD,5,chakraa2,0.0,12/29/20
XPEL,5,bignamehere,0.0,12/29/20
LMND,5,dicksmith,0.0,12/29/20
ZM,4,pjcammi,0.0,12/29/20
APPN,5,motveev,0.0,12/29/20
VEEV,5,motveev,0.0,12/29/20
CGNX,5,bnms8000,0.0,12/29/20
CRWD,5,bnms8000,0.0,12/29/20
SHOP,4,bnms8000,0.0,12/29/20
WORK,4,bnms8000,0.0,12/29/20
ZNGA,4,bnms8000,0.0,12/29/20
LMND,5,manoj9532,0.0,12/29/20
ZM,4,gboss,0.0,12/29/20
APPN,5,gboss,0.0,12/29/20
JD,5,gboss,0.0,12/29/20
ZM,4,mshannon25,0.0,12/29/20
LMND,5,mshannon25,0.0,12/29/20
TTD,5,gboss,0.0,12/29/20
ZM,4,janhudesai,0.0,12/29/20
AMZN,4,gboss,0.0,12/29/20
NIO,2,mbellco,0.0,12/29/20
AAPL,4,zachvanbeek,0.0,12/29/20
LMND,5,zimgal,0.0,12/29/20
MELI,5,moira,0.0,12/29/20
MELI,5,gboss,0.0,12/29/20
BABA,4,tlake,0.0,12/29/20
SPCE,3,rjdrifter,0.0,12/29/20
ZM,4,kajangsatay,0.0,12/29/20
SE,5,gboss,0.0,12/29/20
BABA,4,zendaddy76,0.0,12/29/20
NVDA,4,m1yhealthspks,0.0,12/29/20
LNG,3,elschlesinger,0.0,12/29/20
LMND,5,m1yhealthspks,0.0,12/29/20
ZM,4,m1yhealthspks,0.0,12/29/20
AMD,4,markmade,0.0,12/29/20
JD,5,markmade,0.0,12/29/20
NBIX,5,markmade,0.0,12/29/20
ODFL,4,markmade,0.0,12/29/20
JNJ,4,markmade,0.0,12/29/20
ANET,5,markmade,0.0,12/29/20
ASML,5,markmade,0.0,12/29/20
ROKU,4,m1yhealthspks,0.0,12/29/20
GRWG,4,m1yhealthspks,0.0,12/29/20
HUBS,5,m1yhealthspks,0.0,12/29/20
CRWD,5,m1yhealthspks,0.0,12/29/20
ALB,4,mcgreezie,0.0,12/29/20
APPN,5,m1yhealthspks,0.0,12/29/20
FLGT,5,tzveto99,0.0,12/29/20
PLUG,2,andrewpermenter,0.0,12/29/20
PINS,5,dexfund,0.0,12/29/20
RHP,4,thinkelk,0.0,12/29/20
SQ,5,dexfund,0.0,12/29/20
PYPL,5,thinkelk,0.0,12/29/20
VEEV,5,thinkelk,0.0,12/29/20
LSPD,5,mzbjj1990,0.0,12/29/20
SHOP,4,thinkelk,0.0,12/29/20
AAL,2,dexfund,0.0,12/29/20
WD,5,thinkelk,0.0,12/29/20
PEAK,2,thinkelk,0.0,12/29/20
LADR,3,thinkelk,0.0,12/29/20
OKTA,5,thinkelk,0.0,12/29/20
SQ,5,thinkelk,0.0,12/29/20
LI,5,dexfund,0.0,12/29/20
PLTR,4,nest0r,0.0,12/29/20
NIO,2,dexfund,0.0,12/29/20
XPEL,5,dexfund,0.0,12/29/20
PLUG,2,dexfund,0.0,12/29/20
SNPS,5,pedram98,0.0,12/29/20
DIS,5,camtam2,0.0,12/29/20
PINS,5,camtam2,0.0,12/29/20
IPHI,5,camtam2,0.0,12/29/20
CRWD,5,camtam2,0.0,12/29/20
ZM,4,camtam2,0.0,12/29/20
FLGT,5,camtam2,0.0,12/29/20
NEO,4,camtam2,0.0,12/29/20
SQ,5,camtam2,0.0,12/29/20
AZRE,0,camtam2,0.0,12/29/20
TSLA,2,tarheelrx,0.0,12/29/20
APPN,5,thinkelk,0.0,12/29/20
SHOP,4,rtjr65,0.0,12/29/20
AVB,3,thinkelk,0.0,12/29/20
LMND,5,abhilonline,41.19,12/30/20
PTON,3,abhilonline,41.19,12/30/20
ROKU,4,abhilonline,41.19,12/30/20
HEXO,3,huerita71,35.25,12/30/20
SFIX,4,huerita71,35.25,12/30/20
WORK,4,huerita71,35.25,12/30/20
PINS,5,huerita71,35.25,12/30/20
BAND,4,huerita71,35.25,12/30/20
LMND,5,huerita71,35.25,12/30/20
HUYA,4,curious200,24.04,12/30/20
SE,5,curious200,24.04,12/30/20
NET,5,curious200,24.04,12/30/20
INMD,5,curious200,24.04,12/30/20
PLTR,4,curious200,24.04,12/30/20
ZS,4,curious200,24.04,12/30/20
JMIA,3,curious200,24.04,12/30/20
STNE,5,curious200,24.04,12/30/20
PINS,5,curious200,24.04,12/30/20
CRWD,5,curious200,24.04,12/30/20
FVRR,5,curious200,24.04,12/30/20
LMND,5,curious200,24.04,12/30/20
ZM,4,curious200,24.04,12/30/20
SFIX,4,curious200,24.04,12/30/20
NIO,2,curious200,24.04,12/30/20
SFIX,4,edwinwong,21.74,12/30/20
XPEL,5,edwinwong,21.74,12/30/20
ZM,4,edwinwong,21.74,12/30/20
SE,5,edwinwong,21.74,12/30/20
ROKU,4,edwinwong,21.74,12/30/20
FVRR,5,edwinwong,21.74,12/30/20
PINS,5,edwinwong,21.74,12/30/20
DOCU,5,edwinwong,21.74,12/30/20
FSLY,5,edwinwong,21.74,12/30/20
CRWD,5,edwinwong,21.74,12/30/20
NET,5,edwinwong,21.74,12/30/20
NVDA,4,edwinwong,21.74,12/30/20
BILI,5,edwinwong,21.74,12/30/20
SMAR,4,res1122,21.47,12/29/20
ZM,4,res1122,21.47,12/29/20
BAND,4,res1122,21.47,12/29/20
YETI,3,res1122,21.47,12/29/20
UBER,2,res1122,21.47,12/29/20
SE,5,res1122,21.47,12/29/20
PLTR,4,res1122,21.47,12/29/20
LMND,5,res1122,21.47,12/29/20
SFIX,4,res1122,21.47,12/29/20
ZS,4,res1122,21.47,12/29/20
DOCU,5,res1122,21.47,12/29/20
CRWD,5,res1122,21.47,12/29/20
FVRR,5,res1122,21.47,12/29/20
STNE,5,res1122,21.47,12/29/20
SPOT,4,res1122,21.47,12/29/20
ROKU,4,res1122,21.47,12/29/20
FSLY,5,res1122,21.47,12/29/20
SPCE,3,res1122,21.47,12/29/20
PINS,5,res1122,21.47,12/29/20
PAGS,4,res1122,21.47,12/29/20
NET,5,res1122,21.47,12/29/20
MDB,5,res1122,21.47,12/29/20
JMIA,3,res1122,21.47,12/29/20
FUBO,4,res1122,21.47,12/29/20
ESTC,5,res1122,21.47,12/29/20
DAVA,5,res1122,21.47,12/29/20
PTON,3,res1122,21.47,12/29/20
DLR,5,midwestninja,21.35,12/29/20
AMT,5,midwestninja,21.35,12/29/20
ETSY,4,tmfrachelw,<20,12/29/20
MELI,5,tmfrachelw,<20,12/29/20
PVH,2,elremaro,35.61,12/30/20
LH,5,elremaro,35.61,12/30/20
BABA,4,elremaro,31.79,12/30/20
FCEL,2,elremaro,31.79,12/30/20
SPOT,4,elremaro,31.79,12/29/20
FLGT,5,larryzie,46.31,12/30/20
CREE,4,rpm1974,40.36,12/29/20
AMC,1,stampsc,39.64,12/30/20
STMP,4,fooldiligence,<20,12/29/20
NLS,3,fooldiligence,<20,12/29/20
BLNK,1,fooldiligence,<20,12/29/20
FSLY,5,jonnyboy5555,35.39,12/30/20
HUYA,4,pannikin,<20,12/30/20
AMRN,3,pannikin,<20,12/30/20
ALT,2,pannikin,<20,12/30/20
EQT,2,snappy85,27.88,12/30/20
NBIX,5,bogey02,28.96,12/30/20
RKT,4,halffrenzy,24.57,12/30/20
CREG,1,halffrenzy,24.57,12/30/20
